id,membershipTypeId,validUntil
0149623a-8104-4f82-871c-82f5a440d97d,a56d269d-241b-4825-9768-5b7e5cac24be,2022-08-14
02d534d0-785d-4e1c-8a1b-f3af9592575c,990ec234-879d-4a65-b8b6-d55e6f842e44,2022-12-09
0470357f-0507-4e95-95c2-492259cf62d8,5ffc8c3c-db45-4865-b421-bd0c55de0b06,2023-08-23
049af111-f45e-44d4-950f-9f095b59f06e,5ffc8c3c-db45-4865-b421-bd0c55de0b06,2022-11-23
0580ef12-878b-438b-88ed-7ae982f815f6,a56d269d-241b-4825-9768-5b7e5cac24be,2023-12-05
058fc80d-bb22-42e8-bb5a-ca84277a2026,990ec234-879d-4a65-b8b6-d55e6f842e44,2022-11-09
059c4923-4143-4f67-a2d5-fa307a717f26,990ec234-879d-4a65-b8b6-d55e6f842e44,2023-01-21
05d31c9f-528d-409c-a671-693151bc3463,5ffc8c3c-db45-4865-b421-bd0c55de0b06,2023-05-02
0650c80d-7d2d-49bd-b095-ef1e53c1504d,5ffc8c3c-db45-4865-b421-bd0c55de0b06,2022-12-24
0732609e-564d-4497-8db7-cd6ff1ec86eb,a56d269d-241b-4825-9768-5b7e5cac24be,2022-03-29
0735b3cb-cb7b-430a-a656-c9fb84bfb50b,5ffc8c3c-db45-4865-b421-bd0c55de0b06,2023-02-11
0811681e-5f05-4852-9f9c-1eec67ba8822,5ffc8c3c-db45-4865-b421-bd0c55de0b06,2022-05-11
08971514-bc2d-4242-a050-aacf1e7db102,990ec234-879d-4a65-b8b6-d55e6f842e44,2022-03-28
08991997-d462-46b6-acad-a2772310b8bc,5ffc8c3c-db45-4865-b421-bd0c55de0b06,2023-02-07
094eab2c-1aa3-49ac-93df-fbbc475bdf83,990ec234-879d-4a65-b8b6-d55e6f842e44,2023-12-23
097a6ab1-1756-4d66-8f3b-56891f3bf372,a56d269d-241b-4825-9768-5b7e5cac24be,2023-04-07
0a4ad313-9492-42ab-bc81-5b772636a963,a56d269d-241b-4825-9768-5b7e5cac24be,2022-09-23
0a8cfd9d-35a3-4671-ad8b-2d3f3d363402,990ec234-879d-4a65-b8b6-d55e6f842e44,2022-02-25
0aa23b52-c5cb-4db1-83ee-54cae2fa433d,a56d269d-241b-4825-9768-5b7e5cac24be,2022-02-09
0af53821-82eb-49b4-a5e2-c7c04d0072b7,990ec234-879d-4a65-b8b6-d55e6f842e44,2023-11-14
0c200c7e-302a-44fa-ba91-a197188a3a82,5ffc8c3c-db45-4865-b421-bd0c55de0b06,2023-02-09
0c87607b-9abc-4dd9-a60d-2ba225a0e101,a56d269d-241b-4825-9768-5b7e5cac24be,2022-09-06
0cc7e80a-3c3b-4af2-b018-804e6f86fa99,a56d269d-241b-4825-9768-5b7e5cac24be,2022-02-18
0cf4d187-c430-4e61-99be-29217ef2f26a,990ec234-879d-4a65-b8b6-d55e6f842e44,2023-01-27
0e5e4dd6-de98-4f4b-b278-5da9d707e1ce,990ec234-879d-4a65-b8b6-d55e6f842e44,2023-03-28
103f394e-38ec-4ca8-a93f-bfadee6e14b3,a56d269d-241b-4825-9768-5b7e5cac24be,2023-10-24
109815f9-a68e-4e0d-9f9e-f9da3dbe6215,a56d269d-241b-4825-9768-5b7e5cac24be,2023-12-01
10d42c34-f0e3-402e-b674-6e15d1cfcad3,a56d269d-241b-4825-9768-5b7e5cac24be,2022-09-08
124de1bb-7bd7-4cc3-b488-215ee6882cb2,5ffc8c3c-db45-4865-b421-bd0c55de0b06,2022-04-20
1266f627-a4d4-46c2-9bf0-360e4417e5b7,a56d269d-241b-4825-9768-5b7e5cac24be,2023-10-03
127e893b-c533-48ae-9768-cf13f14d178f,990ec234-879d-4a65-b8b6-d55e6f842e44,2023-10-13
12c38670-d70f-48c9-9cce-265390f4fec9,a56d269d-241b-4825-9768-5b7e5cac24be,2022-11-20
133867fc-49d3-4312-a9b5-462834779630,a56d269d-241b-4825-9768-5b7e5cac24be,2022-11-11
13b519be-bfea-48ed-8997-59dfcbd8c8b9,5ffc8c3c-db45-4865-b421-bd0c55de0b06,2023-11-27
142052fb-cace-48ae-b4b7-fdf4dc5f8f7c,990ec234-879d-4a65-b8b6-d55e6f842e44,2023-05-06
148a698a-22b6-45d3-95da-f60a76bce88b,a56d269d-241b-4825-9768-5b7e5cac24be,2022-07-30
14adf235-47e7-4683-86e7-d6b4a8c9e6e1,990ec234-879d-4a65-b8b6-d55e6f842e44,2023-02-21
14d18a85-934c-4d62-b283-17b403fe445b,5ffc8c3c-db45-4865-b421-bd0c55de0b06,2023-12-14
1576c972-a5fb-493a-b0d8-d46e321b2e99,5ffc8c3c-db45-4865-b421-bd0c55de0b06,2023-10-13
15c9a2dc-c257-422e-9f86-c20c746237b9,a56d269d-241b-4825-9768-5b7e5cac24be,2022-07-04
166d99ca-0b92-4520-b506-a8fabbc93728,990ec234-879d-4a65-b8b6-d55e6f842e44,2023-07-04
174a0d3e-2f18-404b-a24e-e3be2092e783,990ec234-879d-4a65-b8b6-d55e6f842e44,2022-04-02
17575472-c27c-4af5-93d6-8b766ee82996,a56d269d-241b-4825-9768-5b7e5cac24be,2022-11-21
17630aec-ba87-43fe-bccb-e44cfff98196,a56d269d-241b-4825-9768-5b7e5cac24be,2022-10-12
18ce9996-300d-4ad4-a999-f1e4900b3ab3,5ffc8c3c-db45-4865-b421-bd0c55de0b06,2022-11-04
18dc894e-d856-4502-9370-d8add4f78049,990ec234-879d-4a65-b8b6-d55e6f842e44,2022-09-20
18f193bb-28ab-4325-b1ce-9afd289ed781,5ffc8c3c-db45-4865-b421-bd0c55de0b06,2022-07-03
1abbf16f-0a68-4d64-ba57-a06cbc256a2a,990ec234-879d-4a65-b8b6-d55e6f842e44,2022-05-05
1b51f82e-5fe2-4ec5-92a8-8a8ce02c2f63,990ec234-879d-4a65-b8b6-d55e6f842e44,2022-07-11
1b727076-739b-4972-ae61-8236fcbb1934,a56d269d-241b-4825-9768-5b7e5cac24be,2022-09-12
1bf498ac-0fd6-47eb-9986-cb633e753817,a56d269d-241b-4825-9768-5b7e5cac24be,2022-02-15
1c0bfe53-fad5-4eee-9b3e-477437157df5,5ffc8c3c-db45-4865-b421-bd0c55de0b06,2022-07-12
1c87b825-f65b-4130-9a1c-0ddfc021a8b5,990ec234-879d-4a65-b8b6-d55e6f842e44,2022-10-25
1d256609-73ec-479d-a097-6cd9f0d38c00,990ec234-879d-4a65-b8b6-d55e6f842e44,2022-11-18
1eb5204f-2bf8-4c63-983c-f799d32f9216,990ec234-879d-4a65-b8b6-d55e6f842e44,2023-08-13
1fe8bfe3-b9b1-478e-8fb0-91cd0e9e54bf,a56d269d-241b-4825-9768-5b7e5cac24be,2023-08-30
202e7d8d-bbcc-4966-85ae-6721cf612215,a56d269d-241b-4825-9768-5b7e5cac24be,2023-05-23
208cdef4-047e-4b60-a5c0-9c24fca8dbc6,a56d269d-241b-4825-9768-5b7e5cac24be,2022-07-19
20da1a9b-1bf7-40c3-8b69-47505e8de407,990ec234-879d-4a65-b8b6-d55e6f842e44,2022-11-10
20dafa90-d6da-43a9-94dc-0bafa89e079a,a56d269d-241b-4825-9768-5b7e5cac24be,2023-10-11
236f251a-489f-4ceb-b701-b12b480bd688,5ffc8c3c-db45-4865-b421-bd0c55de0b06,2023-07-30
23738af1-9e36-4398-9e09-35f17a763ba9,a56d269d-241b-4825-9768-5b7e5cac24be,2023-01-17
23de195f-df7e-477b-b4a4-901316f99e7c,5ffc8c3c-db45-4865-b421-bd0c55de0b06,2022-12-06
2404f68e-f217-4adc-a2d9-80c58e0108c1,990ec234-879d-4a65-b8b6-d55e6f842e44,2022-04-26
25c6b755-40fa-4966-9af4-9c04680ec140,5ffc8c3c-db45-4865-b421-bd0c55de0b06,2022-08-23
2824c94b-1744-44fe-9d59-2ad65e6f157c,5ffc8c3c-db45-4865-b421-bd0c55de0b06,2023-08-06
283b0370-7a09-4cd0-9dc2-130c2b2d59cb,990ec234-879d-4a65-b8b6-d55e6f842e44,2023-04-28
294e8a48-25eb-4330-9088-5a802b7dfb5b,a56d269d-241b-4825-9768-5b7e5cac24be,2023-11-05
2bfc182b-d060-4dcc-86c3-724cde4cd818,a56d269d-241b-4825-9768-5b7e5cac24be,2022-03-24
2dbe211d-81c9-4de3-94e4-2b28b33a4e01,5ffc8c3c-db45-4865-b421-bd0c55de0b06,2023-11-16
2df79d57-6e1a-44ad-895f-79fd4ed467f5,5ffc8c3c-db45-4865-b421-bd0c55de0b06,2023-09-16
2e231150-c8d8-40e0-962b-30ad6259a962,5ffc8c3c-db45-4865-b421-bd0c55de0b06,2023-05-25
2e5f2291-7215-4bd5-84fe-ebfdc07c0cee,a56d269d-241b-4825-9768-5b7e5cac24be,2022-08-22
3127c2f3-4326-4a86-a145-0466e6a1af87,a56d269d-241b-4825-9768-5b7e5cac24be,2023-08-24
31d3afa4-dbff-473e-b454-7bc3f71030e4,5ffc8c3c-db45-4865-b421-bd0c55de0b06,2022-01-10
32165893-ee36-435d-a1ce-8f8dfd95f213,990ec234-879d-4a65-b8b6-d55e6f842e44,2022-08-05
33ddaeb1-43cb-4612-a156-a83839968ad8,990ec234-879d-4a65-b8b6-d55e6f842e44,2022-12-03
340920e5-a7c1-4246-a265-b9f33b8805f5,5ffc8c3c-db45-4865-b421-bd0c55de0b06,2022-03-07
3502d037-7121-4c79-a5f4-0173c139e4cd,5ffc8c3c-db45-4865-b421-bd0c55de0b06,2023-04-07
368e4946-d1e2-41fb-ba57-0e210aee79ba,990ec234-879d-4a65-b8b6-d55e6f842e44,2023-07-22
3758eddb-640b-483d-ba56-82484d0da524,5ffc8c3c-db45-4865-b421-bd0c55de0b06,2022-10-24
3815238a-ccc2-44c4-b5d4-bd78565760a9,a56d269d-241b-4825-9768-5b7e5cac24be,2022-05-08
38a32ace-f2db-4097-9c92-6f1307da6cad,a56d269d-241b-4825-9768-5b7e5cac24be,2022-07-13
3921a34c-3ac8-48d3-b9c8-255de021e3b8,a56d269d-241b-4825-9768-5b7e5cac24be,2023-04-02
397ca7f8-cd9c-4e47-9718-0986d4289f16,5ffc8c3c-db45-4865-b421-bd0c55de0b06,2022-08-07
3a59f997-85d3-4b76-9e7e-b46c119db3b1,a56d269d-241b-4825-9768-5b7e5cac24be,2023-01-18
3c0862f4-e20a-46cd-a5bf-b4efe4194aa6,a56d269d-241b-4825-9768-5b7e5cac24be,2023-02-08
3c6aea6d-46a3-4b76-886f-076b9c76ffe3,a56d269d-241b-4825-9768-5b7e5cac24be,2022-07-07
3d9a0df3-6558-4450-b0fc-a230c962cf93,990ec234-879d-4a65-b8b6-d55e6f842e44,2023-08-12
3ff1e9f8-31d0-4825-8ee7-af3c65f68008,990ec234-879d-4a65-b8b6-d55e6f842e44,2023-06-29
4000332e-c009-4fbe-9fde-d4bd768a4832,990ec234-879d-4a65-b8b6-d55e6f842e44,2023-03-22
40be9626-025e-4af0-92d1-ede88350e481,990ec234-879d-4a65-b8b6-d55e6f842e44,2023-07-21
41809be6-d4cd-4d16-9264-969395f0f59e,a56d269d-241b-4825-9768-5b7e5cac24be,2023-10-13
4385d47c-b305-42e6-966a-68323928db32,5ffc8c3c-db45-4865-b421-bd0c55de0b06,2022-06-22
440b6f27-8742-4db0-8161-190059031bc2,5ffc8c3c-db45-4865-b421-bd0c55de0b06,2023-02-02
44ade85f-274e-4d15-82e0-b97c77be317f,990ec234-879d-4a65-b8b6-d55e6f842e44,2023-10-07
47bec5ef-dac6-4d4d-b5ec-0c1cac4a3430,5ffc8c3c-db45-4865-b421-bd0c55de0b06,2022-05-02
480a2d88-c93c-4973-96a3-b902a0956050,990ec234-879d-4a65-b8b6-d55e6f842e44,2022-04-29
481b881a-f305-4004-9dcf-31450ae26d6a,990ec234-879d-4a65-b8b6-d55e6f842e44,2023-04-28
4840bea8-7187-4999-9f9a-01781778c7e7,5ffc8c3c-db45-4865-b421-bd0c55de0b06,2023-10-25
4981d735-fae5-427c-b113-d7df7e394106,990ec234-879d-4a65-b8b6-d55e6f842e44,2023-08-06
4a501d0d-a441-4dd3-a2ad-b74bfe817ca8,5ffc8c3c-db45-4865-b421-bd0c55de0b06,2023-10-27
4a63a9de-3bc7-44b9-ba6e-eff74f3bff5e,5ffc8c3c-db45-4865-b421-bd0c55de0b06,2022-05-06
4b3cff7c-a36e-486f-b835-11819f19eb57,5ffc8c3c-db45-4865-b421-bd0c55de0b06,2022-01-28
4bac8e6b-745e-4949-80ef-3ab71139b7ad,990ec234-879d-4a65-b8b6-d55e6f842e44,2022-04-30
4c8fdb36-e5ff-45ac-b46d-bcde9a7f6868,a56d269d-241b-4825-9768-5b7e5cac24be,2022-06-22
4ccf6f7a-ac68-4e37-82c4-d0ba60ae6486,a56d269d-241b-4825-9768-5b7e5cac24be,2022-01-20
4cddf67a-c771-4f4c-b4d0-3ab2ca7bc67e,5ffc8c3c-db45-4865-b421-bd0c55de0b06,2023-09-15
4dddbd6d-ac54-409d-93a3-8a533dc0c490,5ffc8c3c-db45-4865-b421-bd0c55de0b06,2023-10-22
4e087c26-f062-4717-a3c5-952b79c7d33e,990ec234-879d-4a65-b8b6-d55e6f842e44,2022-08-09
4e14152c-8231-453e-b10a-761747cebb73,5ffc8c3c-db45-4865-b421-bd0c55de0b06,2023-01-20
4e861204-3908-4fb0-909e-3c696925483b,990ec234-879d-4a65-b8b6-d55e6f842e44,2022-08-22
4fb2519e-997d-481e-8918-efeb1429c9ba,5ffc8c3c-db45-4865-b421-bd0c55de0b06,2023-12-28
50a2fa5d-f88d-48d1-8404-425156262c2e,a56d269d-241b-4825-9768-5b7e5cac24be,2023-12-21
50d177ff-8366-48cb-9f46-ec3f8c58e8b9,5ffc8c3c-db45-4865-b421-bd0c55de0b06,2022-08-11
50e1ed2b-65d4-4917-b679-abe078299ffa,5ffc8c3c-db45-4865-b421-bd0c55de0b06,2023-05-14
5184bb8b-49e9-4c1f-bd5d-c0d9117eceea,5ffc8c3c-db45-4865-b421-bd0c55de0b06,2022-01-11
51b48df6-171c-404d-9b5c-5e702d15deae,990ec234-879d-4a65-b8b6-d55e6f842e44,2023-11-29
525576a9-8ff1-491e-a0be-5aae7b870a44,990ec234-879d-4a65-b8b6-d55e6f842e44,2022-12-18
525bde5b-0464-46a7-b71b-fcfc0a888327,990ec234-879d-4a65-b8b6-d55e6f842e44,2022-06-02
5369d2d0-e2ed-44f5-a7d7-f893d75435d5,990ec234-879d-4a65-b8b6-d55e6f842e44,2023-11-05
53dda0e0-25a7-45da-b53e-28cdcd6dfb2a,5ffc8c3c-db45-4865-b421-bd0c55de0b06,2023-08-15
542bec6b-dd56-4bbf-b8b5-4a4c60a1587b,5ffc8c3c-db45-4865-b421-bd0c55de0b06,2023-12-13
5623552e-491e-4957-ae69-9e39e18bb220,5ffc8c3c-db45-4865-b421-bd0c55de0b06,2023-05-13
5636ef19-7c4f-408b-b921-be7d1f889204,990ec234-879d-4a65-b8b6-d55e6f842e44,2022-07-09
56396850-5694-4937-a72b-aca29f6ece3e,5ffc8c3c-db45-4865-b421-bd0c55de0b06,2022-01-19
56713133-9fbc-42ec-a695-134b2a447daf,990ec234-879d-4a65-b8b6-d55e6f842e44,2022-09-03
57b3043a-7663-4723-bf4c-f59ad3f438ba,5ffc8c3c-db45-4865-b421-bd0c55de0b06,2022-12-18
58f21917-9e28-450d-8236-60ed3baa5c94,990ec234-879d-4a65-b8b6-d55e6f842e44,2023-01-12
59757a0f-a628-4feb-8033-cd15eed105c7,990ec234-879d-4a65-b8b6-d55e6f842e44,2022-03-02
59bdf96a-613b-426b-8cba-3b42010eb705,990ec234-879d-4a65-b8b6-d55e6f842e44,2022-07-05
5ab648fc-17d0-4d40-86c6-7f3257d6e0ba,a56d269d-241b-4825-9768-5b7e5cac24be,2022-03-12
5af9da66-aa14-42be-852b-96a24df55911,990ec234-879d-4a65-b8b6-d55e6f842e44,2023-12-13
5b280d32-7dff-49cd-804a-3af07efb432e,5ffc8c3c-db45-4865-b421-bd0c55de0b06,2023-07-07
5b7ee067-67a4-4998-86b6-c46fbcd38ffe,a56d269d-241b-4825-9768-5b7e5cac24be,2023-10-07
5b8e1f66-4c3b-410d-9ea7-55a4d1132fec,990ec234-879d-4a65-b8b6-d55e6f842e44,2022-06-24
5b8e2bd2-ae1e-46cd-8123-fff8357f0882,a56d269d-241b-4825-9768-5b7e5cac24be,2022-12-13
5b933b92-999f-4165-94b5-2b6210636ca2,a56d269d-241b-4825-9768-5b7e5cac24be,2022-08-04
5d696e9c-b457-4800-905e-d6cc9cb48a09,5ffc8c3c-db45-4865-b421-bd0c55de0b06,2023-11-04
5f3066f8-a428-4d2f-bca0-47ec018ebf2c,a56d269d-241b-4825-9768-5b7e5cac24be,2022-05-15
5fdc95c4-ad85-4a4a-9fca-5beb09e3ca33,990ec234-879d-4a65-b8b6-d55e6f842e44,2023-09-16
60b81840-d819-4ac2-a714-a072dcca52da,990ec234-879d-4a65-b8b6-d55e6f842e44,2023-01-14
62c3129b-74f9-4d5a-86f8-2fd5b86ddf41,990ec234-879d-4a65-b8b6-d55e6f842e44,2022-04-12
642b86ac-68c3-42d0-a58d-eed4b77502df,a56d269d-241b-4825-9768-5b7e5cac24be,2022-03-30
652faa8e-a3e9-44bd-8671-f18b4f36dad7,a56d269d-241b-4825-9768-5b7e5cac24be,2023-06-21
654d0231-cf82-412e-8b33-2fc2758937fa,5ffc8c3c-db45-4865-b421-bd0c55de0b06,2022-07-12
67a55cc3-27ac-4632-9f03-5aa5ecddf4e6,990ec234-879d-4a65-b8b6-d55e6f842e44,2022-10-25
69285a59-12b3-40cc-8823-73adee31d7e7,990ec234-879d-4a65-b8b6-d55e6f842e44,2022-08-15
6be2318a-4b19-4759-8e4d-6661fe278673,990ec234-879d-4a65-b8b6-d55e6f842e44,2022-04-26
6e7867f3-dffa-426c-b1f0-0b71d5526c41,a56d269d-241b-4825-9768-5b7e5cac24be,2023-09-16
6ecb3ad2-549e-4cbf-ba8b-1fde97c80605,990ec234-879d-4a65-b8b6-d55e6f842e44,2022-06-06
6f44edc2-21aa-4676-b603-5acce6da71c1,990ec234-879d-4a65-b8b6-d55e6f842e44,2022-03-07
7011dbf7-ee57-48cf-97cb-e103b73d50af,a56d269d-241b-4825-9768-5b7e5cac24be,2023-03-02
70378a3b-f2a4-4cf7-b6eb-0b08b51a0b93,5ffc8c3c-db45-4865-b421-bd0c55de0b06,2023-10-14
717614e8-bc22-4398-82a9-a708be64a1f8,a56d269d-241b-4825-9768-5b7e5cac24be,2022-06-12
71956873-8a1b-4bc4-97d2-62ffbf50f8a1,990ec234-879d-4a65-b8b6-d55e6f842e44,2023-04-15
71a24d39-b515-4beb-9506-d26c5ad281ab,990ec234-879d-4a65-b8b6-d55e6f842e44,2023-05-28
720716f0-4b67-424d-812d-50004dc8db65,990ec234-879d-4a65-b8b6-d55e6f842e44,2023-10-07
744a1dd0-56a4-4f11-80bd-d28a7a51b4ea,a56d269d-241b-4825-9768-5b7e5cac24be,2022-04-09
77424f7f-3f58-49c1-8f9d-b792c2b8d8a2,a56d269d-241b-4825-9768-5b7e5cac24be,2023-10-27
7816ed09-6923-44dc-a863-5ac20201c313,5ffc8c3c-db45-4865-b421-bd0c55de0b06,2023-12-17
78369a86-c7ac-47ab-97f0-02b9dd934284,990ec234-879d-4a65-b8b6-d55e6f842e44,2022-02-24
79e6bee3-56b9-45c2-8278-bc2d39f9d939,990ec234-879d-4a65-b8b6-d55e6f842e44,2023-06-13
7be082ca-cb5f-4391-b693-2e4cfcbdfe9f,990ec234-879d-4a65-b8b6-d55e6f842e44,2022-01-15
7be8595f-3308-4494-a5d7-7cb67ab28916,5ffc8c3c-db45-4865-b421-bd0c55de0b06,2023-11-28
7c202cd2-61b7-4465-b235-b387c8065345,990ec234-879d-4a65-b8b6-d55e6f842e44,2022-07-08
7c98f1db-a9fe-4674-bfe9-0506eff2e762,a56d269d-241b-4825-9768-5b7e5cac24be,2023-01-15
7ca45a70-3066-4de4-9969-bf10eda88543,5ffc8c3c-db45-4865-b421-bd0c55de0b06,2022-01-18
7d0759c1-7801-4413-92bd-242bb475285c,990ec234-879d-4a65-b8b6-d55e6f842e44,2022-08-18
7dbb0664-675e-47aa-92bf-0b93ec584575,5ffc8c3c-db45-4865-b421-bd0c55de0b06,2023-02-20
7e72a914-110d-4846-9fe7-0ac3e5e60b61,a56d269d-241b-4825-9768-5b7e5cac24be,2022-03-10
7fd6ab52-fe23-4afb-8779-6428d8a9b45e,5ffc8c3c-db45-4865-b421-bd0c55de0b06,2023-01-23
81d1e917-4bdf-4ee3-91e4-a4bf95a5ad72,a56d269d-241b-4825-9768-5b7e5cac24be,2022-12-08
84a96199-4831-487a-864d-963c2bd1e01b,a56d269d-241b-4825-9768-5b7e5cac24be,2022-09-28
853ffca9-1eec-40da-b82c-f0a7d11241ea,990ec234-879d-4a65-b8b6-d55e6f842e44,2023-07-27
86eefdf4-c17c-4a88-8fd2-c242bfcf4f8e,990ec234-879d-4a65-b8b6-d55e6f842e44,2023-05-11
86f0c16f-33ea-4961-b932-856b7360a9bd,5ffc8c3c-db45-4865-b421-bd0c55de0b06,2022-07-30
873b98f0-d334-4015-b08e-74babe866122,990ec234-879d-4a65-b8b6-d55e6f842e44,2022-05-19
876c3ae4-82d8-462c-a843-a708291bb202,5ffc8c3c-db45-4865-b421-bd0c55de0b06,2022-10-24
87e0bcc8-ba31-4b68-a002-32f691948ca7,5ffc8c3c-db45-4865-b421-bd0c55de0b06,2023-06-24
87e1a4d4-eb3c-4785-a1b0-0af7a398af3b,a56d269d-241b-4825-9768-5b7e5cac24be,2023-06-02
88816add-492f-469f-b5c6-d85175f822b8,5ffc8c3c-db45-4865-b421-bd0c55de0b06,2022-08-23
8a0cee56-1e43-4a46-a297-745eb897aff1,990ec234-879d-4a65-b8b6-d55e6f842e44,2023-06-29
8b8c3633-2e40-4325-aef7-efc2bff0a267,a56d269d-241b-4825-9768-5b7e5cac24be,2022-05-10
8bbdb0e3-89ae-4ce7-9d13-4d280c04b4bb,a56d269d-241b-4825-9768-5b7e5cac24be,2022-12-12
8bdc9745-945f-4da7-90b2-8a472135f3ef,5ffc8c3c-db45-4865-b421-bd0c55de0b06,2022-01-03
8bf07d8e-eae0-4efa-a62c-dfe681b60763,990ec234-879d-4a65-b8b6-d55e6f842e44,2023-06-28
8c891e11-82d1-4234-82d9-78abc4041ef4,5ffc8c3c-db45-4865-b421-bd0c55de0b06,2022-05-30
8ca2d526-575e-442f-b218-2dfeac77c9a3,990ec234-879d-4a65-b8b6-d55e6f842e44,2023-05-11
8d3b1325-d4a4-4b23-955b-0f7dbadfafd7,990ec234-879d-4a65-b8b6-d55e6f842e44,2022-11-02
8ead5afc-446b-43de-aa92-a2efac17dff9,990ec234-879d-4a65-b8b6-d55e6f842e44,2023-04-25
8fcb2c53-ee0c-4ddd-9d6c-8ead1b2161e9,a56d269d-241b-4825-9768-5b7e5cac24be,2022-08-12
9031ee70-54c2-4381-92b0-8b64506d3bc6,990ec234-879d-4a65-b8b6-d55e6f842e44,2022-07-15
90a6ad29-6941-43fa-84d4-318298e2f752,990ec234-879d-4a65-b8b6-d55e6f842e44,2022-10-12
9170bdd7-a38f-431f-add0-739db2b44f31,a56d269d-241b-4825-9768-5b7e5cac24be,2023-02-22
92a88c09-3dd2-49a4-bbef-e70333b06ada,990ec234-879d-4a65-b8b6-d55e6f842e44,2023-10-09
92bc4c9a-ad0c-4daf-a8c5-7c9d5527d154,5ffc8c3c-db45-4865-b421-bd0c55de0b06,2022-11-29
9346398b-7e48-4053-abf2-0c98b820651e,a56d269d-241b-4825-9768-5b7e5cac24be,2023-06-13
9675c14a-bd75-4b42-ad63-b3f8da300ffe,5ffc8c3c-db45-4865-b421-bd0c55de0b06,2023-10-13
96a265c8-6223-43e7-ab5b-a5a2ede0bb8d,990ec234-879d-4a65-b8b6-d55e6f842e44,2022-02-26
997b8ff9-450c-436a-9eca-129db45a4c3b,990ec234-879d-4a65-b8b6-d55e6f842e44,2022-04-12
99e210a3-2aa7-46a5-877d-31b90a978dac,a56d269d-241b-4825-9768-5b7e5cac24be,2023-08-01
99e2825d-96ad-4958-ad0c-0d87e4735fed,a56d269d-241b-4825-9768-5b7e5cac24be,2023-01-15
99ee612f-42fc-4637-aad2-21313dec77fa,5ffc8c3c-db45-4865-b421-bd0c55de0b06,2023-08-10
9c944e44-40c0-49d0-bedb-180e5bc161ee,a56d269d-241b-4825-9768-5b7e5cac24be,2023-07-12
9d80c710-bf06-49d1-b6e8-556f137e1629,a56d269d-241b-4825-9768-5b7e5cac24be,2023-02-14
9f838a01-9674-4fa4-b5f9-ff504c40a061,5ffc8c3c-db45-4865-b421-bd0c55de0b06,2023-07-25
a05e3388-ce41-4add-8e28-7bbd55b73d9c,a56d269d-241b-4825-9768-5b7e5cac24be,2023-07-09
a0f86558-4ccd-4db3-9d90-4987bc8867e4,5ffc8c3c-db45-4865-b421-bd0c55de0b06,2022-08-04
a13bc00b-eec7-4d4f-a64b-46c77bd2b8b0,a56d269d-241b-4825-9768-5b7e5cac24be,2023-04-15
a2148289-b982-4643-b74a-3c8ef17033d9,a56d269d-241b-4825-9768-5b7e5cac24be,2022-07-25
a2712949-03d2-4f0b-9654-a7622d85f093,990ec234-879d-4a65-b8b6-d55e6f842e44,2022-08-28
a3209c58-ad27-493d-9876-0d80b62d0608,990ec234-879d-4a65-b8b6-d55e6f842e44,2023-11-23
a38d1e9d-9372-44d7-9a93-37c3a343c364,990ec234-879d-4a65-b8b6-d55e6f842e44,2023-05-16
a42f1408-847c-4b70-b31c-e263cab5eb76,a56d269d-241b-4825-9768-5b7e5cac24be,2023-08-11
a6190d9b-55fd-460f-967e-7077aedb9733,990ec234-879d-4a65-b8b6-d55e6f842e44,2022-06-10
a8aca613-19b3-4437-8bc7-a8716a5486fa,a56d269d-241b-4825-9768-5b7e5cac24be,2022-06-03
a8f005fa-c38f-49b8-a005-c75854e0e718,5ffc8c3c-db45-4865-b421-bd0c55de0b06,2022-02-18
a972cab5-1d13-4188-8530-c492ce38610f,5ffc8c3c-db45-4865-b421-bd0c55de0b06,2022-04-14
aa6d0770-e136-4c20-9d8e-fc20d3f0ca2c,990ec234-879d-4a65-b8b6-d55e6f842e44,2022-12-25
ad15a68b-27c0-452a-be50-b04a27a5e001,a56d269d-241b-4825-9768-5b7e5cac24be,2022-11-06
adb40ed2-5c7e-4de5-83f7-0f7d364a8b2f,5ffc8c3c-db45-4865-b421-bd0c55de0b06,2022-10-25
ae2f6b63-ec1e-4dd5-bfe4-c793bff4d069,5ffc8c3c-db45-4865-b421-bd0c55de0b06,2023-06-03
aeee8fba-4b6d-463b-9ae2-f05bdcc16149,a56d269d-241b-4825-9768-5b7e5cac24be,2022-06-14
afa0393d-2dd0-41cb-bf7e-97f8b53d6da8,990ec234-879d-4a65-b8b6-d55e6f842e44,2023-07-13
b0419f5b-4336-4038-9496-c0cc795beffc,990ec234-879d-4a65-b8b6-d55e6f842e44,2023-07-23
b1388bfe-5c57-4025-8ba5-2dc6581fffb9,a56d269d-241b-4825-9768-5b7e5cac24be,2023-10-30
b2b51953-ce69-46ed-aecf-f1dbb5a4f0f3,a56d269d-241b-4825-9768-5b7e5cac24be,2022-08-03
b3880593-6b14-4c2f-ba79-24106a35435e,a56d269d-241b-4825-9768-5b7e5cac24be,2022-02-18
b3b3d5c9-5bc3-4150-8eca-e5e018a2b9df,a56d269d-241b-4825-9768-5b7e5cac24be,2023-08-13
b4222a7e-8baf-4603-9b8d-ca4c2b594365,990ec234-879d-4a65-b8b6-d55e6f842e44,2023-02-08
b636e389-4b70-4505-8352-3507ff1b382c,a56d269d-241b-4825-9768-5b7e5cac24be,2022-06-09
b6a513c1-4e98-4306-aa3c-42b3c8d493a0,990ec234-879d-4a65-b8b6-d55e6f842e44,2023-12-21
b78e985e-d92d-4890-95d6-70c2e43f76fb,5ffc8c3c-db45-4865-b421-bd0c55de0b06,2023-09-22
b7a79eb5-537a-43f9-a56d-0c33f665465c,a56d269d-241b-4825-9768-5b7e5cac24be,2022-05-21
b7fc4fb6-5775-4758-9ae0-fd86c4569ff6,990ec234-879d-4a65-b8b6-d55e6f842e44,2023-01-16
b8719767-6eb1-45a0-b398-3ca682dcf82c,a56d269d-241b-4825-9768-5b7e5cac24be,2022-03-28
bb7bd02f-13e3-4a4a-a238-4bbef4611863,990ec234-879d-4a65-b8b6-d55e6f842e44,2023-07-14
bd03c02a-1994-4a67-876c-6c1b53955299,5ffc8c3c-db45-4865-b421-bd0c55de0b06,2023-09-26
bddc66d0-d987-46e8-9707-0a13e0806a5b,5ffc8c3c-db45-4865-b421-bd0c55de0b06,2022-12-03
bdefd4c2-1fcf-4033-9bd8-f9035e9f9c9e,5ffc8c3c-db45-4865-b421-bd0c55de0b06,2023-04-01
be0880bd-eadf-464a-82b5-569877f9a1a9,990ec234-879d-4a65-b8b6-d55e6f842e44,2022-11-28
be61e3ab-34fb-4c9b-93a6-6cb1b62b1a90,5ffc8c3c-db45-4865-b421-bd0c55de0b06,2022-12-18
bed08733-65e2-42b7-9a8e-f7c11ee5a50d,5ffc8c3c-db45-4865-b421-bd0c55de0b06,2022-04-06
bff7f3f0-4787-49a1-9889-99a556e97145,990ec234-879d-4a65-b8b6-d55e6f842e44,2022-12-19
c039ef80-ab32-46b9-a167-a4e594528954,990ec234-879d-4a65-b8b6-d55e6f842e44,2022-12-24
c0bf78c7-8023-4174-acb9-062daa452de6,990ec234-879d-4a65-b8b6-d55e6f842e44,2022-11-30
c1822f9f-78f6-49da-8957-129e9e84b371,a56d269d-241b-4825-9768-5b7e5cac24be,2022-12-05
c326b7dc-6dcd-4531-a484-aa96dcb46c09,5ffc8c3c-db45-4865-b421-bd0c55de0b06,2022-05-30
c3da6627-cdae-4f62-a854-32d02273bb81,5ffc8c3c-db45-4865-b421-bd0c55de0b06,2023-12-08
c4c1340e-68db-4972-9fa1-57ec44b33c30,5ffc8c3c-db45-4865-b421-bd0c55de0b06,2023-06-06
c5e37b2a-c253-4ed0-abfd-5c33e62552a6,5ffc8c3c-db45-4865-b421-bd0c55de0b06,2022-05-13
c60543b9-35cc-4c39-9636-85b99619a8e9,a56d269d-241b-4825-9768-5b7e5cac24be,2023-03-14
c61d359c-f95c-46b1-a6f6-c9881df53e78,990ec234-879d-4a65-b8b6-d55e6f842e44,2022-02-09
c63ac761-de5b-40ba-bf93-8cacd9939c25,990ec234-879d-4a65-b8b6-d55e6f842e44,2023-12-09
c691e0f7-acd8-4676-b16d-06419c19b1e5,990ec234-879d-4a65-b8b6-d55e6f842e44,2022-10-08
c915379e-e4d6-4c2b-b2dd-fef5c20d15da,990ec234-879d-4a65-b8b6-d55e6f842e44,2022-06-30
ca07b877-9d1f-49bb-b876-1a5880f0146b,a56d269d-241b-4825-9768-5b7e5cac24be,2023-02-22
ca711715-8ccf-4775-b859-6c12cbf0b961,a56d269d-241b-4825-9768-5b7e5cac24be,2022-08-27
caaa6989-29f5-4c66-aa45-0bb9aea7df13,5ffc8c3c-db45-4865-b421-bd0c55de0b06,2022-10-11
cb5f8147-588d-47b9-ba17-67d9ad64aaae,5ffc8c3c-db45-4865-b421-bd0c55de0b06,2022-05-13
cbf6d98b-9fb3-4816-8e87-1253f2aeb265,990ec234-879d-4a65-b8b6-d55e6f842e44,2023-02-18
ccd74320-73fa-4501-9425-08290775dd8f,5ffc8c3c-db45-4865-b421-bd0c55de0b06,2022-04-26
cd1cd8af-9f96-4922-8019-edef1382f5a0,990ec234-879d-4a65-b8b6-d55e6f842e44,2023-01-13
cf54eb1a-103d-44ff-853e-1bec47605c1f,990ec234-879d-4a65-b8b6-d55e6f842e44,2023-12-23
cf82343b-38e0-4f0e-9591-9308a5f9923e,990ec234-879d-4a65-b8b6-d55e6f842e44,2022-08-17
d04dfa72-c5ed-4337-aa75-b8167458a497,a56d269d-241b-4825-9768-5b7e5cac24be,2022-04-20
d0816d7c-a8f6-47f5-ab1f-dcdcce1b327e,990ec234-879d-4a65-b8b6-d55e6f842e44,2022-10-15
d5833613-4b67-4315-9cd5-78022939cf6e,a56d269d-241b-4825-9768-5b7e5cac24be,2022-08-10
d5b5be5c-79a2-4d44-8f46-523648266621,990ec234-879d-4a65-b8b6-d55e6f842e44,2023-07-25
d697a5b8-feff-4dc1-aeba-b1f458ef62c7,a56d269d-241b-4825-9768-5b7e5cac24be,2023-01-19
d75616de-cdc5-4a8e-86c0-c7a0d4a7ed86,a56d269d-241b-4825-9768-5b7e5cac24be,2022-02-13
d7a9fe6a-4326-4566-8db2-169af1bbee0d,990ec234-879d-4a65-b8b6-d55e6f842e44,2022-04-22
d8b84aca-860c-4560-80b2-f9666e14f726,990ec234-879d-4a65-b8b6-d55e6f842e44,2022-06-06
d8fbfe87-2d89-4f39-9bf2-e0d56aaa4e96,a56d269d-241b-4825-9768-5b7e5cac24be,2023-07-27
da25a548-1610-4690-921f-88d7fe8e268b,a56d269d-241b-4825-9768-5b7e5cac24be,2023-03-30
da58cecf-d93b-4e97-b730-57b76b8e9e70,5ffc8c3c-db45-4865-b421-bd0c55de0b06,2023-09-27
db036856-9f0a-43ab-adc2-874633ebcb59,a56d269d-241b-4825-9768-5b7e5cac24be,2023-02-18
db34cd65-7ecc-479a-a829-54342746bfaf,a56d269d-241b-4825-9768-5b7e5cac24be,2023-03-09
dca1460d-010c-41fb-83e2-2baf4ff3f583,990ec234-879d-4a65-b8b6-d55e6f842e44,2022-10-14
dd142e5b-8e30-4db2-83c4-042772547080,a56d269d-241b-4825-9768-5b7e5cac24be,2023-12-03
ddf1e4d5-f8e5-4ad9-a4fb-41b6933e4e67,5ffc8c3c-db45-4865-b421-bd0c55de0b06,2023-06-01
ddf8ffbf-5303-4897-96f5-6d834728461f,5ffc8c3c-db45-4865-b421-bd0c55de0b06,2023-10-22
dec165ad-b4dd-47c3-aa5f-faab1c84b6d8,990ec234-879d-4a65-b8b6-d55e6f842e44,2023-04-08
df11b4ab-45e6-4f96-be7a-45d2302e4252,5ffc8c3c-db45-4865-b421-bd0c55de0b06,2022-01-26
e162178b-76ab-4344-aa67-930330d58f40,a56d269d-241b-4825-9768-5b7e5cac24be,2022-06-19
e1bd5450-58fc-4c89-a4b0-b03bccb170b8,a56d269d-241b-4825-9768-5b7e5cac24be,2023-11-18
e3aa9a58-9f86-459f-b07d-26ce2c6ec358,990ec234-879d-4a65-b8b6-d55e6f842e44,2023-08-18
e3f2f4e9-36d9-4d7d-85a2-499b760b2b2f,a56d269d-241b-4825-9768-5b7e5cac24be,2023-12-18
e4c4bd83-d10d-48ba-b2b5-97cf7eae0228,a56d269d-241b-4825-9768-5b7e5cac24be,2023-04-19
e7eb01b7-803f-4567-9364-d7fbdbe328b1,5ffc8c3c-db45-4865-b421-bd0c55de0b06,2022-05-01
e7f18d61-2593-4436-aa7d-8da8bfe90368,5ffc8c3c-db45-4865-b421-bd0c55de0b06,2022-05-01
ea98c791-2d76-42d5-bd72-dccf9fe2a2ab,990ec234-879d-4a65-b8b6-d55e6f842e44,2023-12-27
eaa56396-1b4c-481f-9f8a-4152b0e6bbbc,990ec234-879d-4a65-b8b6-d55e6f842e44,2022-02-22
eb6dc203-7a10-4cc1-ae93-b2a3409960a5,5ffc8c3c-db45-4865-b421-bd0c55de0b06,2022-08-08
eb785530-0648-4bf4-bc1f-7e39352a8197,5ffc8c3c-db45-4865-b421-bd0c55de0b06,2023-10-06
eb7f89c9-d8a2-41dc-8fda-f8d85eacb762,5ffc8c3c-db45-4865-b421-bd0c55de0b06,2023-07-25
ebf1ba1e-3a10-435e-ae67-a819ea15ff6d,5ffc8c3c-db45-4865-b421-bd0c55de0b06,2022-01-27
ed454aab-a1a3-4ee3-807e-cfe5b791c5ce,a56d269d-241b-4825-9768-5b7e5cac24be,2023-04-13
ee506698-ca97-4220-b10b-39ddde92c5cf,5ffc8c3c-db45-4865-b421-bd0c55de0b06,2022-03-27
ee56af5b-05c2-4d7c-a9cf-9bdded8bef72,990ec234-879d-4a65-b8b6-d55e6f842e44,2023-11-13
eedc94a0-6be0-4f03-b57e-9535df89d0c4,5ffc8c3c-db45-4865-b421-bd0c55de0b06,2023-09-01
f0d81ea9-8423-41e4-a2d1-5b81e7195eca,a56d269d-241b-4825-9768-5b7e5cac24be,2023-08-07
f111033f-db27-44c4-8a8a-eee627dea567,990ec234-879d-4a65-b8b6-d55e6f842e44,2022-07-05
f3019be3-7b27-4595-913b-a6d38584d013,a56d269d-241b-4825-9768-5b7e5cac24be,2022-11-08
f3263fa8-00a1-4cfe-a45a-c53f07cd411a,5ffc8c3c-db45-4865-b421-bd0c55de0b06,2023-04-03
f37f0cdf-2e65-475e-a191-1fb3100c7c0e,a56d269d-241b-4825-9768-5b7e5cac24be,2022-11-01
f55214fb-a2d1-4076-9c77-803a3f90118d,5ffc8c3c-db45-4865-b421-bd0c55de0b06,2022-11-30
f63d1fdf-fa60-4f43-b8c3-599f94459d8f,a56d269d-241b-4825-9768-5b7e5cac24be,2023-06-07
f6574e08-edff-4684-993c-9207558e9eb2,5ffc8c3c-db45-4865-b421-bd0c55de0b06,2023-02-05
f863d9a9-5c3e-49fc-859c-50eacf1bc92f,a56d269d-241b-4825-9768-5b7e5cac24be,2022-06-23
f8796c00-11f4-4f60-a622-4fb2dbca48b6,5ffc8c3c-db45-4865-b421-bd0c55de0b06,2022-05-11
f8d2c2ca-8968-429c-8bdc-da27eb0174c6,5ffc8c3c-db45-4865-b421-bd0c55de0b06,2023-03-25
f9168f4e-0212-4878-9fb6-2c471e175f75,990ec234-879d-4a65-b8b6-d55e6f842e44,2023-03-29
f939c09b-bbd8-41ca-a05d-3de6850eeb60,5ffc8c3c-db45-4865-b421-bd0c55de0b06,2023-12-28
fb258705-94cf-4905-9bf7-64b097dafdac,5ffc8c3c-db45-4865-b421-bd0c55de0b06,2023-01-05
fbd86fe4-c976-4833-9c19-c75e9d426585,a56d269d-241b-4825-9768-5b7e5cac24be,2022-02-04
fc1c33b4-4620-45fe-90c6-f6eba49b4b4b,990ec234-879d-4a65-b8b6-d55e6f842e44,2022-10-28
fdef2d64-4024-48df-a475-04065bd59e6c,990ec234-879d-4a65-b8b6-d55e6f842e44,2023-06-29
fec77bca-0088-4c92-9274-f75e0fffa3e9,5ffc8c3c-db45-4865-b421-bd0c55de0b06,2023-02-24
ffb0951a-8266-473f-8c62-3b92e605b21f,a56d269d-241b-4825-9768-5b7e5cac24be,2023-09-08